{
  "lang":"en",
  "name":"pipeline",
  "version":"0.0.0",
  "spacy_version":">=3.5.0,<3.6.0",
  "description":"",
  "author":"",
  "email":"",
  "url":"",
  "license":"",
  "spacy_git_version":"dec81508d",
  "vectors":{
    "width":0,
    "vectors":0,
    "keys":0,
    "name":null,
    "mode":"default"
  },
  "labels":{
    "tok2vec":[

    ],
    "ner":[
      "Dosage",
      "Drug",
      "Duration",
      "Form",
      "Frequency",
      "Strength"
    ]
  },
  "pipeline":[
    "tok2vec",
    "ner"
  ],
  "components":[
    "tok2vec",
    "ner"
  ],
  "disabled":[

  ],
  "performance":{
    "ents_f":0.7989690722,
    "ents_p":0.8579335793,
    "ents_r":0.7475884244,
    "ents_per_type":{
      "Drug":{
        "p":0.8437624552,
        "r":0.6977587343,
        "f":0.7638462926
      },
      "Strength":{
        "p":0.8845822567,
        "r":0.8431855501,
        "f":0.8633879781
      },
      "Frequency":{
        "p":0.8027777778,
        "r":0.763876652,
        "f":0.7828442438
      },
      "Form":{
        "p":0.9118738404,
        "r":0.8232830821,
        "f":0.8653169014
      },
      "Dosage":{
        "p":0.8730650155,
        "r":0.7240051348,
        "f":0.7915789474
      },
      "Duration":{
        "p":0.7333333333,
        "r":0.2115384615,
        "f":0.328358209
      }
    },
    "tok2vec_loss":714.549336432,
    "ner_loss":3164.0001855079
  }
}