{
  "lang":"en",
  "name":"pipeline",
  "version":"0.0.0",
  "spacy_version":">=3.5.0,<3.6.0",
  "description":"",
  "author":"",
  "email":"",
  "url":"",
  "license":"",
  "spacy_git_version":"dec81508d",
  "vectors":{
    "width":0,
    "vectors":0,
    "keys":0,
    "name":null,
    "mode":"default"
  },
  "labels":{
    "tok2vec":[

    ],
    "ner":[
      "Dosage",
      "Drug",
      "Duration",
      "Form",
      "Frequency",
      "Strength"
    ]
  },
  "pipeline":[
    "tok2vec",
    "ner"
  ],
  "components":[
    "tok2vec",
    "ner"
  ],
  "disabled":[

  ],
  "performance":{
    "ents_f":0.7992289442,
    "ents_p":0.8626760563,
    "ents_r":0.7444751381,
    "ents_per_type":{
      "Drug":{
        "p":0.8441033926,
        "r":0.6943521595,
        "f":0.7619394823
      },
      "Strength":{
        "p":0.8695652174,
        "r":0.8273381295,
        "f":0.8479262673
      },
      "Frequency":{
        "p":0.84,
        "r":0.7749077491,
        "f":0.8061420345
      },
      "Form":{
        "p":0.905950096,
        "r":0.8208695652,
        "f":0.8613138686
      },
      "Dosage":{
        "p":0.9003215434,
        "r":0.7310704961,
        "f":0.8069164265
      },
      "Duration":{
        "p":0.72,
        "r":0.3050847458,
        "f":0.4285714286
      }
    },
    "tok2vec_loss":1131.1052321253,
    "ner_loss":3054.6397119989
  }
}