{
  "lang":"en",
  "name":"pipeline",
  "version":"0.0.0",
  "spacy_version":">=3.5.0,<3.6.0",
  "description":"",
  "author":"",
  "email":"",
  "url":"",
  "license":"",
  "spacy_git_version":"dec81508d",
  "vectors":{
    "width":0,
    "vectors":0,
    "keys":0,
    "name":null,
    "mode":"default"
  },
  "labels":{
    "tok2vec":[

    ],
    "ner":[
      "Dosage",
      "Drug",
      "Duration",
      "Form",
      "Frequency",
      "Strength"
    ]
  },
  "pipeline":[
    "tok2vec",
    "ner"
  ],
  "components":[
    "tok2vec",
    "ner"
  ],
  "disabled":[

  ],
  "performance":{
    "ents_f":0.8107893062,
    "ents_p":0.8583944065,
    "ents_r":0.7681869582,
    "ents_per_type":{
      "Drug":{
        "p":0.8519499632,
        "r":0.736889002,
        "f":0.790253225
      },
      "Strength":{
        "p":0.8979429118,
        "r":0.84829768,
        "f":0.8724145945
      },
      "Frequency":{
        "p":0.7988185654,
        "r":0.7659815504,
        "f":0.7820555188
      },
      "Dosage":{
        "p":0.8833333333,
        "r":0.7709090909,
        "f":0.8233009709
      },
      "Form":{
        "p":0.8817800168,
        "r":0.8010678871,
        "f":0.8394884093
      },
      "Duration":{
        "p":0.7242647059,
        "r":0.3361774744,
        "f":0.4592074592
      }
    },
    "tok2vec_loss":721.383742846,
    "ner_loss":2696.3445716732
  }
}